{
  "age": {
    "type": "numeric",
    "mean": 40.01355616704435,
    "std": 10.35987770919149,
    "min": 17.0,
    "max": 98.0,
    "histogram_counts": [
      1005,
      6831,
      7130,
      4915,
      3527,
      952,
      198,
      106,
      47,
      1
    ],
    "histogram_edges": [
      17.0,
      25.1,
      33.2,
      41.3,
      49.4,
      57.5,
      65.6,
      73.69999999999999,
      81.8,
      89.89999999999999,
      98.0
    ]
  },
  "campaign": {
    "type": "numeric",
    "mean": 2.551472968598252,
    "std": 2.7625528445332486,
    "min": 1.0,
    "max": 56.0,
    "histogram_counts": [
      23314,
      998,
      254,
      74,
      41,
      19,
      6,
      5,
      0,
      1
    ],
    "histogram_edges": [
      1.0,
      6.5,
      12.0,
      17.5,
      23.0,
      28.5,
      34.0,
      39.5,
      45.0,
      50.5,
      56.0
    ]
  },
  "previous": {
    "type": "numeric",
    "mean": 0.17647296859825187,
    "std": 0.5033636206604161,
    "min": 0.0,
    "max": 7.0,
    "histogram_counts": [
      21290,
      2763,
      466,
      0,
      128,
      49,
      0,
      11,
      4,
      1
    ],
    "histogram_edges": [
      0.0,
      0.7,
      1.4,
      2.0999999999999996,
      2.8,
      3.5,
      4.199999999999999,
      4.8999999999999995,
      5.6,
      6.3,
      7.0
    ]
  },
  "emp.var.rate": {
    "type": "numeric",
    "mean": 0.07860148915506637,
    "std": 1.5725650020902198,
    "min": -3.4,
    "max": 1.4,
    "histogram_counts": [
      745,
      999,
      0,
      6018,
      378,
      0,
      2188,
      0,
      0,
      14384
    ],
    "histogram_edges": [
      -3.4,
      -2.92,
      -2.44,
      -1.96,
      -1.48,
      -1.0,
      -0.52,
      -0.040000000000000036,
      0.43999999999999995,
      0.9200000000000004,
      1.4
    ]
  },
  "cons.price.idx": {
    "type": "numeric",
    "mean": 93.57506729524118,
    "std": 0.5792963412755315,
    "min": 92.201,
    "max": 94.767,
    "histogram_counts": [
      894,
      425,
      4099,
      3630,
      3264,
      0,
      8918,
      657,
      2631,
      194
    ],
    "histogram_edges": [
      92.201,
      92.4576,
      92.71419999999999,
      92.9708,
      93.22739999999999,
      93.484,
      93.7406,
      93.99719999999999,
      94.2538,
      94.51039999999999,
      94.767
    ]
  },
  "cons.conf.idx": {
    "type": "numeric",
    "mean": -40.50910488831337,
    "std": 4.62853083006629,
    "min": -50.8,
    "max": -26.9,
    "histogram_counts": [
      357,
      4991,
      4,
      8787,
      928,
      326,
      8000,
      224,
      820,
      275
    ],
    "histogram_edges": [
      -50.8,
      -48.41,
      -46.019999999999996,
      -43.629999999999995,
      -41.239999999999995,
      -38.849999999999994,
      -36.46,
      -34.07,
      -31.68,
      -29.29,
      -26.9
    ]
  },
  "euribor3m": {
    "type": "numeric",
    "mean": 3.6157926513434773,
    "std": 1.7369912010614699,
    "min": 0.634,
    "max": 5.045,
    "histogram_counts": [
      2555,
      5427,
      158,
      0,
      0,
      1,
      3,
      1761,
      375,
      14432
    ],
    "histogram_edges": [
      0.634,
      1.0751,
      1.5162,
      1.9572999999999996,
      2.3983999999999996,
      2.8394999999999997,
      3.2805999999999993,
      3.7216999999999993,
      4.1628,
      4.603899999999999,
      5.045
    ]
  },
  "nr.employed": {
    "type": "numeric",
    "mean": 5166.874465846551,
    "std": 72.34467093988572,
    "min": 4963.6,
    "max": 5228.1,
    "histogram_counts": [
      378,
      864,
      745,
      0,
      999,
      5154,
      0,
      0,
      6818,
      9754
    ],
    "histogram_edges": [
      4963.6,
      4990.05,
      5016.5,
      5042.950000000001,
      5069.400000000001,
      5095.85,
      5122.3,
      5148.75,
      5175.200000000001,
      5201.650000000001,
      5228.1
    ]
  },
  "never_contacted": {
    "type": "numeric",
    "mean": 0.9618404014244092,
    "std": 0.19158142815038354,
    "min": 0.0,
    "max": 1.0,
    "histogram_counts": [
      943,
      0,
      0,
      0,
      0,
      0,
      0,
      0,
      0,
      23769
    ],
    "histogram_edges": [
      0.0,
      0.1,
      0.2,
      0.30000000000000004,
      0.4,
      0.5,
      0.6000000000000001,
      0.7000000000000001,
      0.8,
      0.9,
      1.0
    ]
  },
  "job": {
    "type": "categorical",
    "distribution": {
      "admin.": 0.25465360958238914,
      "blue-collar": 0.2221997410165102,
      "technician": 0.1643331175137585,
      "services": 0.09764486888960829,
      "management": 0.07223211395273552,
      "retired": 0.04147782453868566,
      "entrepreneur": 0.034598575590806084,
      "self-employed": 0.033667853674328264,
      "housemaid": 0.025331822596309485,
      "unemployed": 0.02419876982842344,
      "student": 0.021487536419553255,
      "unknown": 0.008174166396892198
    }
  },
  "marital": {
    "type": "categorical",
    "distribution": {
      "married": 0.6058595014567821,
      "single": 0.2828585302686954,
      "divorced": 0.10933959210100357,
      "unknown": 0.0019423761735189381
    }
  },
  "education": {
    "type": "categorical",
    "distribution": {
      "university.degree": 0.2956863062479767,
      "high.school": 0.23340887018452575,
      "basic.9y": 0.14596147620589187,
      "professional.course": 0.12665911298154742,
      "basic.4y": 0.09983004208481709,
      "basic.6y": 0.054993525412754936,
      "unknown": 0.04297507283910651,
      "illiterate": 0.00048559404337973454
    }
  },
  "default": {
    "type": "categorical",
    "distribution": {
      "no": 0.7890903204920686,
      "unknown": 0.21082874716736807,
      "yes": 8.09323405632891e-05
    }
  },
  "housing": {
    "type": "categorical",
    "distribution": {
      "yes": 0.5233489802525089,
      "no": 0.45180479119456135,
      "unknown": 0.024846228552929752
    }
  },
  "loan": {
    "type": "categorical",
    "distribution": {
      "no": 0.8214632567173843,
      "yes": 0.15369051472968598,
      "unknown": 0.024846228552929752
    }
  },
  "contact": {
    "type": "categorical",
    "distribution": {
      "cellular": 0.6357640012949175,
      "telephone": 0.36423599870508255
    }
  },
  "month": {
    "type": "categorical",
    "distribution": {
      "may": 0.33469569439948205,
      "jul": 0.17493525412754937,
      "aug": 0.15033182259630948,
      "jun": 0.1290061508578828,
      "nov": 0.09804953059242473,
      "apr": 0.06434121074781483,
      "oct": 0.0174409193913888,
      "sep": 0.01387989640660408,
      "mar": 0.012706377468436387,
      "dec": 0.0046131434121074785
    }
  },
  "day_of_week": {
    "type": "categorical",
    "distribution": {
      "thu": 0.20880543865328585,
      "mon": 0.20795564907737132,
      "wed": 0.19864842991259307,
      "tue": 0.19261897054062804,
      "fri": 0.1919715118161217
    }
  },
  "poutcome": {
    "type": "categorical",
    "distribution": {
      "nonexistent": 0.8615247652962124,
      "failure": 0.1042003884752347,
      "success": 0.03427484622855293
    }
  }
}